caso	papel	oraculo_rc	rust_rc	comparacao	detalhe
m01_literals-oraculo-vs-espera	golden	0	-	IGUAL(bytes)	e9c0f8b575cbfcb42ab3b78ecc87efa3b011d9a5d10b09fa4e96f240bf6a82f5
m01_literals-rust-vs-espera	golden	-	0	IGUAL(bytes)	e9c0f8b575cbfcb42ab3b78ecc87efa3b011d9a5d10b09fa4e96f240bf6a82f5
m02_single_with_eod	golden-excecao-contratual	0	1	ORACULO-ACEITA-PRODUTO-RECUSA	orc=bbeebd879e1dff6918546dc0c179fdde505f2a21591c9a9c96e36b054ec5af83 exp=bbeebd879e1dff6918546dc0c179fdde505f2a21591c9a9c96e36b054ec5af83
m03_inline_match-oraculo-vs-espera	golden	0	-	IGUAL(bytes)	919c3b8b8e08d48059486c8349c144e329cc3af41ce116cd1acf4b93738f84aa
m03_inline_match-rust-vs-espera	golden	-	0	IGUAL(bytes)	919c3b8b8e08d48059486c8349c144e329cc3af41ce116cd1acf4b93738f84aa
m04_separate_short-oraculo-vs-espera	golden	0	-	IGUAL(bytes)	eed465696c9a50d1b891b262675d4dfa22e4baa8197c441a0f7cd20e543c3443
m04_separate_short-rust-vs-espera	golden	-	0	IGUAL(bytes)	eed465696c9a50d1b891b262675d4dfa22e4baa8197c441a0f7cd20e543c3443
m05_separate_long_far-oraculo-vs-espera	golden	0	-	IGUAL(bytes)	f54f89287c12a3502182f246d4788a946194087381deab5dd4d7f8196b6955be
m05_separate_long_far-rust-vs-espera	golden	-	0	IGUAL(bytes)	f54f89287c12a3502182f246d4788a946194087381deab5dd4d7f8196b6955be
m06_continue_edge-oraculo-vs-espera	golden	0	-	IGUAL(bytes)	9578ecfd18dfe61d72b9b529f8798292a9303e7d2e902aa76be84327baf3e3db
m06_continue_edge-rust-vs-espera	golden	-	0	IGUAL(bytes)	9578ecfd18dfe61d72b9b529f8798292a9303e7d2e902aa76be84327baf3e3db
m07_inline_exact_history-oraculo-vs-espera	golden	0	-	IGUAL(bytes)	69dc6c3210e25e62c5938ff4e841e81ce3c7d2cde583553478a77d7fcb389f30
m07_inline_exact_history-rust-vs-espera	golden	-	0	IGUAL(bytes)	69dc6c3210e25e62c5938ff4e841e81ce3c7d2cde583553478a77d7fcb389f30
m08_len10_three_byte-oraculo-vs-espera	golden	0	-	IGUAL(bytes)	208640a3c2363b44a4afd1c5df6f87720c9a75fb06042241e4b7f6a74e14fd5d
m08_len10_three_byte-rust-vs-espera	golden	-	0	IGUAL(bytes)	208640a3c2363b44a4afd1c5df6f87720c9a75fb06042241e4b7f6a74e14fd5d
m09_earlyfetch_boundary_literal-oraculo-vs-espera	golden	0	-	IGUAL(bytes)	ba22b7dc95f6cc8765757be4bccf37cd92ece6d4987dc26a31e274c9be236921
m09_earlyfetch_boundary_literal-rust-vs-espera	golden	-	0	IGUAL(bytes)	ba22b7dc95f6cc8765757be4bccf37cd92ece6d4987dc26a31e274c9be236921
m10_earlyfetch_straddle_inline-oraculo-vs-espera	golden	0	-	IGUAL(bytes)	273a0c1be37f7d3634da356480cfcb41871593eeacd75e4a7fc970d8a5e7d4e8
m10_earlyfetch_straddle_inline-rust-vs-espera	golden	-	0	IGUAL(bytes)	273a0c1be37f7d3634da356480cfcb41871593eeacd75e4a7fc970d8a5e7d4e8
abcdef-reencode	plain-encode	0	-	IGUAL(bytes)	fb9ed18d8b9cf505f256f927c8eca592cb3774aef38a9207a4d8db6de04a2666
abcdef-oraculo-vs-plain	plain-decode	0	-	IGUAL(bytes)	e9c0f8b575cbfcb42ab3b78ecc87efa3b011d9a5d10b09fa4e96f240bf6a82f5
abcdef-rust-vs-plain	plain-decode	-	0	IGUAL(bytes)	e9c0f8b575cbfcb42ab3b78ecc87efa3b011d9a5d10b09fa4e96f240bf6a82f5
ab_repeat-reencode	plain-encode	0	-	IGUAL(bytes)	bbf6c3db7c8db07ee5104b05bc014c2ffebdc479cf49ed8a1a6be6361dcf44d9
ab_repeat-oraculo-vs-plain	plain-decode	0	-	IGUAL(bytes)	02d2ae23004e61922cbfd8aefc8ea757c2258a4ba1a305736ffc82659281ba98
ab_repeat-rust-vs-plain	plain-decode	-	0	IGUAL(bytes)	02d2ae23004e61922cbfd8aefc8ea757c2258a4ba1a305736ffc82659281ba98
empty-reencode	plain-encode	0	-	IGUAL(bytes)	a53f93baaf14a909460524eb4ea387bfb2acc412c48ec9d6f15dca1fe0d2a324
empty-oraculo-vs-plain	plain-decode	0	-	AMBAS-VAZIAS	-
empty-rust-vs-plain	plain-decode	-	0	AMBAS-VAZIAS	-
far_window_40k-reencode	plain-encode	0	-	IGUAL(bytes)	9db758b16e8733f5e1f18c31c846ad4c0c452e9b844d316cc1521e99c42859f7
far_window_40k-oraculo-vs-plain	plain-decode	0	-	IGUAL(bytes)	f92af5b62398fae2e9545e4e1397158817541384c46bd5474b4bd70fba802b1d
far_window_40k-rust-vs-plain	plain-decode	-	0	IGUAL(bytes)	f92af5b62398fae2e9545e4e1397158817541384c46bd5474b4bd70fba802b1d
near_window_2k-reencode	plain-encode	0	-	IGUAL(bytes)	96783125ae7fff2d63327b97f3a50256b42f024318086ce40fa9141052ce733c
near_window_2k-oraculo-vs-plain	plain-decode	0	-	IGUAL(bytes)	cb7457cc6481376f58e72562cfd8aae3d5425147b4ce0a3ca495ea29cd5764e5
near_window_2k-rust-vs-plain	plain-decode	-	0	IGUAL(bytes)	cb7457cc6481376f58e72562cfd8aae3d5425147b4ce0a3ca495ea29cd5764e5
noisy_runs_16k-reencode	plain-encode	0	-	IGUAL(bytes)	db077c5dbc8ccaa5996e77dbcbfbb4ec36d6795c798bc035287cd5a27c613249
noisy_runs_16k-oraculo-vs-plain	plain-decode	0	-	IGUAL(bytes)	07b46dc6addbfb8546df1d15bc9d0b78a0881890f0b8dfee1009f17db9ebff62
noisy_runs_16k-rust-vs-plain	plain-decode	-	0	IGUAL(bytes)	07b46dc6addbfb8546df1d15bc9d0b78a0881890f0b8dfee1009f17db9ebff62
odd3-reencode	plain-encode	0	-	IGUAL(bytes)	94f14c61036bee71b4f9a8354566e20e18f15a4412a28ea41ad606309e821fcd
odd3-oraculo-vs-plain	plain-decode	0	-	IGUAL(bytes)	3733cd977ff8eb18b987357e22ced99f46097f31ecb239e878ae63760e83e4d5
odd3-rust-vs-plain	plain-decode	-	0	IGUAL(bytes)	3733cd977ff8eb18b987357e22ced99f46097f31ecb239e878ae63760e83e4d5
pseudo_random_8k-reencode	plain-encode	0	-	IGUAL(bytes)	68c5c194db4060ba4a444f885c5244bec94d08bb31e9dfdfa21fb1f863b8c885
pseudo_random_8k-oraculo-vs-plain	plain-decode	0	-	IGUAL(bytes)	733a31fa3a683c9daffae365a456bbe5145fed1cedbae888a10edca09e7f5a6e
pseudo_random_8k-rust-vs-plain	plain-decode	-	0	IGUAL(bytes)	733a31fa3a683c9daffae365a456bbe5145fed1cedbae888a10edca09e7f5a6e
single-reencode	plain-encode	0	-	IGUAL(bytes)	c5605acf5bfdf10fbac2803dbb592b94a6eadae7fbb58fabb7577495f60363dc
single-oraculo-vs-plain	plain-decode	0	-	IGUAL(bytes)	bbeebd879e1dff6918546dc0c179fdde505f2a21591c9a9c96e36b054ec5af83
single-rust-vs-plain	plain-decode	-	0	IGUAL(bytes)	bbeebd879e1dff6918546dc0c179fdde505f2a21591c9a9c96e36b054ec5af83
text_rep-reencode	plain-encode	0	-	IGUAL(bytes)	261d149458ee1dc66a6ca2736a221e88f98acefd25ccf33390c558c4beb9355f
text_rep-oraculo-vs-plain	plain-decode	0	-	IGUAL(bytes)	15748fc11716b4cc2bfd0245eaa5ec664e021eecc31ac1dff9c8045ec746b750
text_rep-rust-vs-plain	plain-decode	-	0	IGUAL(bytes)	15748fc11716b4cc2bfd0245eaa5ec664e021eecc31ac1dff9c8045ec746b750
tile_like-reencode	plain-encode	0	-	IGUAL(bytes)	5c29d4c5c4e0148167e5ffdb2724a9751f471b2d1ea6c34c2a0db5a99a2aa109
tile_like-oraculo-vs-plain	plain-decode	0	-	IGUAL(bytes)	b81313391be143a836534d3a4ef99c978db8e730170c0d207893f2d8b2b5a03f
tile_like-rust-vs-plain	plain-decode	-	0	IGUAL(bytes)	b81313391be143a836534d3a4ef99c978db8e730170c0d207893f2d8b2b5a03f
zeros_64k-reencode	plain-encode	0	-	IGUAL(bytes)	e887c360014a4ecc7f3010f7e1c433114ba9282661bc9a1f995af4c7b8455a3c
zeros_64k-oraculo-vs-plain	plain-decode	0	-	IGUAL(bytes)	de2f256064a0af797747c2b97505dc0b9f3df0de4f489eac731c23ae9ca9cc31
zeros_64k-rust-vs-plain	plain-decode	-	0	IGUAL(bytes)	de2f256064a0af797747c2b97505dc0b9f3df0de4f489eac731c23ae9ca9cc31
overlap_echo-oraculo-vs-espera	runtime	0	-	IGUAL(bytes)	7b346904f63cc07f1d8cc2d88d7dae08a3f088a0e4159d5214c27a6571a51eb4
overlap_echo-rust-vs-espera	runtime	-	0	IGUAL(bytes)	7b346904f63cc07f1d8cc2d88d7dae08a3f088a0e4159d5214c27a6571a51eb4
k05-bem-formada-oraculo-vs-rust	limites	0	0	IGUAL(bytes)	110009dcee21620b166f3abfecb5eff7a873be729d1c2d53822e7acc5f34eb9b
m05-1B-truncado	sonda-defeito	0	1	ORACULO-ACEITA-PRODUTO-RECUSA	orc_len=8692 esperado_recusado
ref-antes-historico	sonda-defeito	0	1	ORACULO-NAO-VALIDA-PRODUTO-RECUSA	orc_len=0
