epoch_ms,t_ms,pid_count,total_cpu_pct,rss_kb_sum,pids
1791073811021,2000,3,0.00,237268,1255977;1256003;1256025
1791073812011,3000,3,89.00,478896,1255977;1256003;1256025
1791073813007,4000,4,41.00,560504,1255977;1256003;1256025;1256148
1791073814003,5000,3,94.00,563484,1255977;1256003;1256025
1791073814998,6000,3,100.00,547932,1255977;1256003;1256025
1791073815997,7000,3,107.00,558052,1255977;1256003;1256025
1791073816997,8000,3,99.00,566836,1255977;1256003;1256025
1791073817999,9000,3,98.00,564504,1255977;1256003;1256025
1791073819002,10000,3,100.00,568496,1255977;1256003;1256025
1791073820004,11000,3,99.00,568004,1255977;1256003;1256025
1791073821003,12000,3,99.00,566080,1255977;1256003;1256025
1791073822000,13000,3,99.00,569188,1255977;1256003;1256025
1791073822998,14000,3,98.00,576980,1255977;1256003;1256025
1791073823996,15000,3,101.00,597060,1255977;1256003;1256025
1791073824997,16000,3,103.00,618436,1255977;1256003;1256025
1791073826004,17000,3,103.00,642688,1255977;1256003;1256025
1791073827001,18000,3,100.00,662612,1255977;1256003;1256025
1791073828003,19000,3,103.00,682224,1255977;1256003;1256025
1791073828998,20000,3,101.00,708280,1255977;1256003;1256025
1791073829999,21000,3,102.00,711256,1255977;1256003;1256025
1791073831006,22000,3,103.00,693668,1255977;1256003;1256025
1791073832010,23000,3,97.00,713708,1255977;1256003;1256025
1791073833000,24000,3,102.00,708496,1255977;1256003;1256025
1791073834012,25000,3,97.00,722376,1255977;1256003;1256025
1791073835002,26000,3,99.00,711220,1255977;1256003;1256025
1791073836003,27000,3,101.00,712056,1255977;1256003;1256025
1791073836997,28000,3,97.00,700268,1255977;1256003;1256025
1791073837997,29000,3,99.00,705536,1255977;1256003;1256025
1791073838998,30000,3,97.00,705376,1255977;1256003;1256025
1791073839999,31000,3,106.00,606988,1255977;1256003;1256025
1791073840999,32000,3,99.00,617308,1255977;1256003;1256025
1791073841996,33000,3,102.00,610212,1255977;1256003;1256025
1791073842997,34000,3,97.00,613984,1255977;1256003;1256025
1791073844010,35000,3,103.00,608776,1255977;1256003;1256025
1791073845009,36000,3,101.00,611068,1255977;1256003;1256025
1791073845997,37000,3,97.00,627452,1255977;1256003;1256025
1791073847001,38000,3,99.00,623852,1255977;1256003;1256025
1791073847998,39000,3,97.00,626316,1255977;1256003;1256025
1791073849004,40000,3,98.00,624804,1255977;1256003;1256025
1791073850005,41000,3,98.00,603900,1255977;1256003;1256025
1791073851004,42000,3,100.00,577112,1255977;1256003;1256025
1791073852008,43000,3,96.00,586484,1255977;1256003;1256025
1791073852997,44000,3,102.00,597072,1255977;1256003;1256025
1791073853997,45000,3,102.00,619744,1255977;1256003;1256025
1791073854997,46000,3,102.00,632028,1255977;1256003;1256025
1791073856019,47000,3,104.00,628544,1255977;1256003;1256025
1791073857017,48000,3,100.00,633084,1255977;1256003;1256025
1791073858000,49000,3,100.00,636828,1255977;1256003;1256025
1791073858997,50000,3,101.00,672516,1255977;1256003;1256025
1791073859998,51000,3,102.00,685852,1255977;1256003;1256025
1791073861004,52000,3,101.00,706836,1255977;1256003;1256025
1791073861996,53000,3,97.00,695436,1255977;1256003;1256025
1791073862998,54000,3,95.00,695432,1255977;1256003;1256025
1791073863996,55000,3,100.00,690764,1255977;1256003;1256025
1791073864997,56000,3,99.00,695872,1255977;1256003;1256025
1791073865996,57000,3,95.00,692384,1255977;1256003;1256025
1791073866995,58000,3,99.00,687828,1255977;1256003;1256025
1791073868005,59000,3,98.00,711856,1255977;1256003;1256025
1791073868995,60000,3,97.00,729308,1255977;1256003;1256025
1791073870003,61000,3,104.00,734868,1255977;1256003;1256025
1791073871004,62000,3,99.00,758772,1255977;1256003;1256025
1791073872002,63000,3,96.00,746456,1255977;1256003;1256025
1791073873004,64000,3,97.00,746528,1255977;1256003;1256025
1791073873997,65000,3,94.00,756624,1255977;1256003;1256025
1791073874995,66000,3,103.00,768508,1255977;1256003;1256025
1791073876003,67000,3,103.00,789636,1255977;1256003;1256025
